[
    {
        "data": {
            "id": "bf7c5fca-15e6-4446-977f-4f3e28fb76b6",
            "external_id": "pkg_6c779899-197a-48d6-b836-168ca1d29368_1769880858",
            "total_amount": 9.9,
            "status": "PENDING",
            "payment_method": "PIX"
        },
        "received_at": "2026-01-31 17:34:20"
    },
    {
        "data": {
            "id": "9045f8ac-4f24-4494-a5e9-dc2d6635a21c",
            "external_id": "pkg_6c779899-197a-48d6-b836-168ca1d29368_1769881370",
            "total_amount": 9.9,
            "status": "PENDING",
            "payment_method": "PIX"
        },
        "received_at": "2026-01-31 17:42:53"
    }
]